title,price,age,quantity,link
Штиль (Tranquility),37.00 руб.,Возраст игроков 8+,Количество игроков 1-5,http://www.nastolki.by/все-игры/штиль-tranquility/
Погоня за "Авророй": набор промокарт "Мутанты",3.00 руб.,Возраст игроков 13+,Количество игроков 1-4,http://www.nastolki.by/все-игры/погоня-за-авророй-набор-промокарт-мутанты/
Погоня за "Авророй": Проект "Афина" (Last Aurora: Project Athena),49.00 руб.,Возраст игроков 13+,Количество игроков 2-4,http://www.nastolki.by/все-игры/погоня-за-авророй-проект-афина-last-aurora-project-athena/
Таверны Тифенталя (The Taverns of Tiefenthal),124.00 руб.,Возраст игроков 18+,Количество игроков 2-4,http://www.nastolki.by/все-игры/таверны-тифенталя-the-taverns-of-tiefenthal/
Выше и ниже (Above and Below),120.00 руб.,Возраст игроков 13+,Количество игроков 2-4,http://www.nastolki.by/все-игры/выше-и-ниже-above-and-below/
Экспансия. Век паруса (Endeavor: Age of Sail),170.00 руб.,Возраст игроков 14+,Количество игроков 2-5,http://www.nastolki.by/все-игры/экспансия.-век-паруса-endeavor-age-of-sail/
Келюс 1303 (Caylus 1303),150.00 руб.,Возраст игроков 14+,Количество игроков 2-5,http://www.nastolki.by/все-игры/келюс-1303-caylus-1303/
Дилемма короля (The King's Dilemma),227.00 руб.,Возраст игроков 14+,Количество игроков 3-5,http://www.nastolki.by/все-игры/дилемма-короля-the-kings-dilemma/
Анахронность (Anachrony),189.00 руб.,Возраст игроков 15+,Количество игроков 1-4,http://www.nastolki.by/все-игры/анахронность-anachrony/
Погоня за "Авророй" (Last Aurora),113.00 руб.,Возраст игроков 13+,Количество игроков 1-4,http://www.nastolki.by/все-игры/погоня-за-авророй-last-aurora/
Марко Поло 2: На службе хана (Marco Polo II: In The Service Of The Khan),170.00 руб.,Возраст игроков 12+,Количество игроков 2-4,http://www.nastolki.by/все-игры/марко-поло-2-на-службе-хана-marco-polo-ii-in-the-service-of-the-khan/
Колонизаторы. Юбилейное издание (Catan: 25th Anniversary Edition),227.00 руб.,Возраст игроков 11+,Количество игроков 3-4,http://www.nastolki.by/все-игры/колонизаторы.-юбилейное-издание-catan-25th-anniversary-edition/
Этот безумный мир (Эврикус),103.00 руб.,Возраст игроков 12+,Количество игроков 1-5,http://www.nastolki.by/все-игры/этот-безумный-мир-эврикус/
Эверделл: Жемчужный ручей (Everdell: Pearlbrook),151.00 руб.,Возраст игроков 10+,Количество игроков 1-4,http://www.nastolki.by/все-игры/эверделл-жемчужный-ручей-everdell-pearlbrook/
Виноделие. Долина Рейна (Viticulture: Visit from the Rhine Valley),46.00 руб.,Возраст игроков 12+,Количество игроков 1-6,http://www.nastolki.by/все-игры/виноделие.-долина-рейна-viticulture-visit-from-the-rhine-valley/
Эра. Средневековье (Era: Medieval Age),170.00 руб.,Возраст игроков 10+,Количество игроков 1-4,http://www.nastolki.by/все-игры/эра.-средневековье-era-medieval-age/
Терра Мистика: Торговцы морей (Terra Mystica: Merchants of the Seas),159.00 руб.,Возраст игроков 14+,Количество игроков 2-5,http://www.nastolki.by/все-игры/терра-мистика-торговцы-морей-terra-mystica-merchants-of-the-seas/
Маракайбо (Maracaibo),189.00 руб.,Возраст игроков 12+,Количество игроков 1-4,http://www.nastolki.by/все-игры/маракайбо-maracaibo/
Индустрия (Furnace),75.00 руб.,Возраст игроков 12+,Количество игроков 2-4,http://www.nastolki.by/все-игры/индустрия-furnace/
Деньги (Money!),16.50 руб.,Возраст игроков 10+,Количество игроков 3-5,http://www.nastolki.by/все-игры/деньги-money/
Цивилизация Сида Мейера: Новый рассвет. Терра Инкогнита (Sid Meier's Civilization: A New Dawn - Terra Incognita),132.00 руб.,Возраст игроков 15+,Количество игроков 2-5,http://www.nastolki.by/все-игры/цивилизация-сида-мейера-новый-рассвет.-терра-инкогнита-sid-meiers-civilization-a-new-dawn-terra-incognita/
51 Штат. Полный набор (51st State),85.00 руб.,Возраст игроков 12+,Количество игроков 1-4,http://www.nastolki.by/все-игры/51-штат.-полный-набор-51st-state/
Поселенцы. Северные Империи. Римские знамена (дополнение),53.00 руб.,Возраст игроков 10+,Количество игроков 1-4,http://www.nastolki.by/все-игры/поселенцы.-северные-империи.-римские-знамена-дополнение/
Поселенцы. Северные Империи. Японские острова (дополнение),53.00 руб.,Возраст игроков 10+,Количество игроков 1-4,http://www.nastolki.by/все-игры/поселенцы.-северные-империи.-японские-острова-дополнение/
Поселенцы. Северные Империи (Imperial Settlers: Empires of the North),125.00 руб.,Возраст игроков 10+,Количество игроков 1-4,http://www.nastolki.by/все-игры/поселенцы.-северные-империи-imperial-settlers-empires-of-the-north/
Остров духов: Ветви и когти (Spirit Island: Branch & Claw),68.00 руб.,Возраст игроков 13+,Количество игроков 1-4,http://www.nastolki.by/все-игры/остров-духов-ветви-и-когти-spirit-island-branch-claw/
Чужие рубежи (Alien Frontiers),208.00 руб.,Возраст игроков 13+,Количество игроков 2-4,http://www.nastolki.by/все-игры/чужие-рубежи-alien-frontiers/
Грандиозное представление (The Magnificent),113.00 руб.,Возраст игроков 14+,Количество игроков 1-4,http://www.nastolki.by/все-игры/грандиозное-представление-the-magnificent/
Лондон (London),70.00 руб.,Возраст игроков 14+,Количество игроков 2-4,http://www.nastolki.by/все-игры/лондон-london/
Чемпионы Мидгарда. Вальхалла и Темные горы (Champions of Midgard: Valhalla + The Dark Mountains),105.00 руб.,Возраст игроков 10+,Количество игроков 2-5,http://www.nastolki.by/все-игры/чемпионы-мидгарда.-вальхалла-и-темные-горы-champions-of-midgard-valhalla-the-dark-mountains/
Чемпионы Мидгарда (Champions of Midgard),120.00 руб.,Возраст игроков 10+,Количество игроков 2-4,http://www.nastolki.by/все-игры/чемпионы-мидгарда-champions-of-midgard/
Прет-а-порте (Pret-a-Porter),122.00 руб.,Возраст игроков 10+,Количество игроков 2-4,http://www.nastolki.by/все-игры/прет-а-порте-pret-a-porter/
Амул (Amul),68.00 руб.,Возраст игроков 10+,Количество игроков 3-8,http://www.nastolki.by/все-игры/амул-amul/
Кланы Каледонии (Clans of Caledonia),138.00 руб.,Возраст игроков 12+,Количество игроков 1-4,http://www.nastolki.by/все-игры/кланы-каледонии-clans-of-caledonia/
Тайная власть. Новый мировой порядок (Deep State: New World Order),52.00 руб.,Возраст игроков 16+,Количество игроков 2-4,http://www.nastolki.by/все-игры/тайная-власть.-новый-мировой-порядок-deep-state-new-world-order/
Дедуля Винчестер (Pappy Winchester),83.00 руб.,Возраст игроков 8+,Количество игроков 3-5,http://www.nastolki.by/все-игры/дедуля-винчестер-pappy-winchester/
Кассиопея,29.00 руб.,Возраст игроков 12+,Количество игроков 2-5,http://www.nastolki.by/все-игры/кассиопея/
Дикинги (Vikings Gone Wild),94.00 руб.,Возраст игроков 18+,Количество игроков 2-4,http://www.nastolki.by/все-игры/дикинги-vikings-gone-wild/
Поселенцы. Наброски империи (Imperial Settlers: Roll & Write),49.00 руб.,Возраст игроков 10+,Количество игроков 1-4,http://www.nastolki.by/все-игры/поселенцы.-наброски-империи-imperial-settlers-roll-write/
Нусфьорд (Nusfjord),83.00 руб.,Возраст игроков 12+,Количество игроков 1-5,http://www.nastolki.by/все-игры/нусфьорд-nusfjord/
Орлеан: Торговля и Интриги (Orleans: Trade & Intrigue),78.00 руб.,Возраст игроков 12+,Количество игроков 2-4,http://www.nastolki.by/все-игры/орлеан-торговля-и-интриги-orleans-trade-intrigue/
Орлеан: Вторжение (Orleans: Invasion),119.00 руб.,Возраст игроков 12+,Количество игроков 1-5,http://www.nastolki.by/все-игры/орлеан-вторжение-orleans-invasion/
Алхимики: Королевский Голем (Alchemists: The King's Golem),72.00 руб.,Возраст игроков 14+,Количество игроков 2-4,http://www.nastolki.by/все-игры/алхимики-королевский-голем-alchemists-the-kings-golem/
Алхимики (Alchemists),119.00 руб.,Возраст игроков 14+,Количество игроков 2-4,http://www.nastolki.by/все-игры/алхимики-alchemists/
Архитекторы западного королевства (Architects of the West Kingdom),86.00 руб.,Возраст игроков 12+,Количество игроков 1-5,http://www.nastolki.by/все-игры/архитекторы-западного-королевства-architects-of-the-west-kingdom/
Эпохи (Tapestry),220.00 руб.,Возраст игроков 12+,Количество игроков 1-5,http://www.nastolki.by/все-игры/эпохи-tapestry/
Мачи Коро: Наследие (Machi Koro: Legacy),132.00 руб.,Возраст игроков 10+,Количество игроков 2-4,http://www.nastolki.by/все-игры/мачи-коро-наследие-machi-koro-legacy/
Современное искусство (Modern Art),52.00 руб.,Возраст игроков 14+,Количество игроков 3-5,http://www.nastolki.by/все-игры/современное-искусство-modern-art/
Поселенцы. 3 в 1 (дополнение),72.00 руб.,Возраст игроков 10+,Количество игроков 1-5,http://www.nastolki.by/все-игры/поселенцы.-3-в-1-дополнение/
Остров юрского периода (Dinosaur Island),189.00 руб.,Возраст игроков 8+,Количество игроков 1-4,http://www.nastolki.by/все-игры/остров-юрского-периода-dinosaur-island/
Энциклопедия,26.00 руб.,Возраст игроков 8+,Количество игроков 2-4,http://www.nastolki.by/все-игры/энциклопедия/
Шарлатаны из Кведлинбурга: Ведьмы-травницы,78.00 руб.,Возраст игроков 10+,Количество игроков 2-5,http://www.nastolki.by/все-игры/шарлатаны-из-кведлинбурга-ведьмы-травницы/
Ксиа. Тайны дрейфующей системы + дополнение Ксиа. Миссии и способности,350.00 руб.,Возраст игроков 12+,Количество игроков 3-5,http://www.nastolki.by/все-игры/ксиа.-тайны-дрейфующей-системы-дополнение-ксиа.-миссии-и-способности/
Конкордия. Британия / Германия (Concordia: Britannia & Germania),56.00 руб.,Возраст игроков 12+,Количество игроков 2-5,http://www.nastolki.by/все-игры/конкордия.-британия/германия-concordia-britannia-germania/
Конкордия. Сальса (Concordia: Salsa),74.00 руб.,Возраст игроков 12+,Количество игроков 2-5,http://www.nastolki.by/все-игры/конкордия.-сальса-concordia-salsa/
Запретный город (The Forbidden City),104.00 руб.,Возраст игроков 12+,Количество игроков 1-5,http://www.nastolki.by/все-игры/запретный-город-the-forbidden-city/
Ла-Гранха (La Granja),87.00 руб.,Возраст игроков 14+,Количество игроков 1-4,http://www.nastolki.by/все-игры/ла-гранха-la-granja/
Покорение Марса: Кризис (Terraforming Mars: Turmoil),74.00 руб.,Возраст игроков 12+,Количество игроков 1-5,http://www.nastolki.by/все-игры/покорение-марса-кризис-terraforming-mars-turmoil/
Поселенцы. Амазонки (дополнение) (Imperial Settlers: Amazons),54.00 руб.,Возраст игроков 10+,Количество игроков 1-5,http://www.nastolki.by/все-игры/поселенцы.-амазонки-дополнение-imperial-settlers-amazons/
Санта-Мария,85.00 руб.,Возраст игроков 12+,Количество игроков 1-4,http://www.nastolki.by/все-игры/санта-мария/
Подводные города (Underwater Cities),132.00 руб.,Возраст игроков 12+,Количество игроков 1-4,http://www.nastolki.by/все-игры/подводные-города-underwater-cities/
Купцы. Долина трех народов (Эврикус),21.00 руб.,Возраст игроков 8+,Количество игроков 2-5,http://www.nastolki.by/все-игры/купцы.-долина-трех-народов-эврикус/
Дальние рубежи (Red Outpost),63.00 руб.,Возраст игроков 10+,Количество игроков 2-4,http://www.nastolki.by/все-игры/дальние-рубежи-red-outpost/
Биржа (Stockpile),77.00 руб.,Возраст игроков 13+,Количество игроков 2-5,http://www.nastolki.by/все-игры/биржа-stockpile/
Энергосеть: карточная игра (Power Grid: The Card Game),37.00 руб.,Возраст игроков 13+,Количество игроков 2-6,http://www.nastolki.by/все-игры/энергосеть-карточная-игра-power-grid-the-card-game/
7 чудес: Армада (7 Wonders: Armada, дополнение),111.00 руб.,Возраст игроков 10+,Количество игроков 2-7,http://www.nastolki.by/все-игры/7-чудес-армада-7-wonders-armada-дополнение/
Теотиуакан: Город Богов (Teotihuacan: City of Gods),115.00 руб.,Возраст игроков 12+,Количество игроков 2-4,http://www.nastolki.by/все-игры/теотиуакан-город-богов-teotihuacan-city-of-gods/
Амон-Ра (Amon-Ra),126.00 руб.,Возраст игроков 10+,Количество игроков 3-5,http://www.nastolki.by/все-игры/амон-ра-amon-ra/
Тикаль (Tikal),126.00 руб.,Возраст игроков 10+,Количество игроков 2-4,http://www.nastolki.by/все-игры/тикаль-tikal/
Великий западный путь: Дорога на Север (Great Western Trail: Rails to the North),77.00 руб.,Возраст игроков 14+,Количество игроков 2-4,http://www.nastolki.by/все-игры/великий-западный-путь-дорога-на-север-great-western-trail-rails-to-the-north/
Majesty: Твоя корона, твоё королевство (Majesty: For the Realm),75.00 руб.,Возраст игроков 7+,Количество игроков 2-4,http://www.nastolki.by/все-игры/majesty-твоя-корона-твоё-королевство-majesty-for-the-realm/
Покорение Марса: Колонии (Terraforming Mars: Colonies),59.00 руб.,Возраст игроков 12+,Количество игроков 1-5,http://www.nastolki.by/все-игры/покорение-марса-колонии-terraforming-mars-colonies/
Монополия. Рик и Морти,132.00 руб.,Возраст игроков 17+,Количество игроков 2-6,http://www.nastolki.by/все-игры/монополия.-рик-и-морти/
Монополия. Fallout,95.00 руб.,Возраст игроков 8+,Количество игроков 2-6,http://www.nastolki.by/все-игры/монополия.-fallout/
Серп: Восхождение Фенриса (Scythe: The Rise of Fenris),110.00 руб.,Возраст игроков 14+,Количество игроков 1-5,http://www.nastolki.by/все-игры/серп-восхождение-фенриса-scythe-the-rise-of-fenris/
Цивилизация Сида Мейера: Новый рассвет (Sid Meier's Civilization: A New Dawn),151.00 руб.,Возраст игроков 13+,Количество игроков 2-4,http://www.nastolki.by/все-игры/цивилизация-сида-мейера-новый-рассвет-sid-meiers-civilization-a-new-dawn/
Киклады (Cyclades),136.00 руб.,Возраст игроков 13+,Количество игроков 2-5,http://www.nastolki.by/все-игры/киклады-cyclades/
Королевские хроники (Paper Tales),76.00 руб.,Возраст игроков 12+,Количество игроков 2-5,http://www.nastolki.by/все-игры/королевские-хроники-paper-tales/
Покорение Марса: Пролог (Terraforming Mars: Prelude),39.00 руб.,Возраст игроков 12+,Количество игроков 1-5,http://www.nastolki.by/все-игры/покорение-марса-пролог-terraforming-mars-prelude/
Зеленые Просторы (Fields of Green),67.00 руб.,Возраст игроков 12+,Количество игроков 2-4,http://www.nastolki.by/все-игры/зеленые-просторы-fields-of-green/
Альтиплано (Altiplano),105.00 руб.,Возраст игроков 12+,Количество игроков 2-5,http://www.nastolki.by/все-игры/альтиплано-altiplano/
Brass: Ланкашир (Brass: Lancashire),157.00 руб.,Возраст игроков 14+,Количество игроков 2-4,http://www.nastolki.by/все-игры/brass-ланкашир-brass-lancashire/
Brass: Бирмингем (Brass: Birmingham),157.00 руб.,Возраст игроков 14+,Количество игроков 2-4,http://www.nastolki.by/все-игры/brass-бирмингем-brass-birmingham/
Контейнер: Юбилейное издание (Container: 10th Anniversary Jumbo Edition!),150.00 руб.,Возраст игроков 13+,Количество игроков 3-5,http://www.nastolki.by/все-игры/контейнер-юбилейное-издание-container-10th-anniversary-jumbo-edition/
Феод (Feudum),154.00 руб.,Возраст игроков 14+,Количество игроков 2-5,http://www.nastolki.by/все-игры/феод-feudum/
CIV: Carta Impera Victoria. Карточная цивилизация,49.00 руб.,Возраст игроков 8+,Количество игроков 2-4,http://www.nastolki.by/все-игры/civ-carta-impera-victoria.-карточная-цивилизация/
Гавр (Le Havre),95.00 руб.,Возраст игроков 12+,Количество игроков 1-5,http://www.nastolki.by/все-игры/гавр-le-havre/
Виноделие: Полное издание (Viticulture: Essential Edition),237.00 руб.,Возраст игроков 13+,Количество игроков 1-6,http://www.nastolki.by/все-игры/виноделие-полное-издание-viticulture-essential-edition/
Восходящее солнце (Rising Sun),226.00 руб.,Возраст игроков 13+,Количество игроков 3-5,http://www.nastolki.by/все-игры/восходящее-солнце-rising-sun/
Брюгге: Город на Звине (Br?gge: Die Stadt am Zwin),48.00 руб.,Возраст игроков 12+,Количество игроков 2-5,http://www.nastolki.by/все-игры/брюгге-город-на-звине-br-gge-die-stadt-am-zwin/
